task,phase,numberOfRequestsPerThread,threadId,requestId,start,end,duration
Post Latency Analysis,Phase 1,1,lab4.SkierClient@721e0f4f,0,2022-02-12 14:53:11.155,2022-02-12 14:53:11.24,85
Post Latency Analysis,Phase 1,1,lab4.SkierClient@16c0663d,0,2022-02-12 14:53:11.156,2022-02-12 14:53:11.242,86
Post Latency Analysis,Phase 1,1,lab4.SkierClient@23223dd8,0,2022-02-12 14:53:11.156,2022-02-12 14:53:11.241,85
Post Latency Analysis,Phase 1,1,lab4.SkierClient@4ec6a292,0,2022-02-12 14:53:11.156,2022-02-12 14:53:11.242,86
Post Latency Analysis,Phase 1,1,lab4.SkierClient@1b40d5f0,0,2022-02-12 14:53:11.155,2022-02-12 14:53:11.242,87
Post Latency Analysis,Phase 1,1,lab4.SkierClient@ea4a92b,0,2022-02-12 14:53:11.156,2022-02-12 14:53:11.242,86
Post Latency Analysis,Phase 1,1,lab4.SkierClient@3c5a99da,0,2022-02-12 14:53:11.156,2022-02-12 14:53:11.241,85
Post Latency Analysis,Phase 1,1,lab4.SkierClient@47f37ef1,0,2022-02-12 14:53:11.156,2022-02-12 14:53:11.241,85
Post Latency Analysis,Phase 1,1,lab4.SkierClient@5a01ccaa,0,2022-02-12 14:53:11.156,2022-02-12 14:53:11.242,86
Post Latency Analysis,Phase 1,1,lab4.SkierClient@71c7db30,0,2022-02-12 14:53:11.156,2022-02-12 14:53:11.242,86
Post Latency Analysis,Phase 1,1,lab4.SkierClient@19bb089b,0,2022-02-12 14:53:11.156,2022-02-12 14:53:11.241,85
Post Latency Analysis,Phase 1,1,lab4.SkierClient@4563e9ab,0,2022-02-12 14:53:11.155,2022-02-12 14:53:11.241,86
Post Latency Analysis,Phase 1,1,lab4.SkierClient@11531931,0,2022-02-12 14:53:11.156,2022-02-12 14:53:11.242,86
Post Latency Analysis,Phase 1,1,lab4.SkierClient@5e025e70,0,2022-02-12 14:53:11.156,2022-02-12 14:53:11.242,86
Post Latency Analysis,Phase 1,1,lab4.SkierClient@1fbc7afb,0,2022-02-12 14:53:11.156,2022-02-12 14:53:11.24,84
Post Latency Analysis,Phase 1,1,lab4.SkierClient@45c8e616,0,2022-02-12 14:53:11.156,2022-02-12 14:53:11.241,85
Post Latency Analysis,Phase 1,1,lab4.SkierClient@4cdbe50f,0,2022-02-12 14:53:11.155,2022-02-12 14:53:11.241,86
Post Latency Analysis,Phase 1,1,lab4.SkierClient@66d33a,0,2022-02-12 14:53:11.155,2022-02-12 14:53:11.242,87
Post Latency Analysis,Phase 1,1,lab4.SkierClient@7cf10a6f,0,2022-02-12 14:53:11.155,2022-02-12 14:53:11.241,86
Post Latency Analysis,Phase 1,1,lab4.SkierClient@7e0babb1,0,2022-02-12 14:53:11.156,2022-02-12 14:53:11.241,85
Post Latency Analysis,Phase 1,1,lab4.SkierClient@6debcae2,0,2022-02-12 14:53:11.156,2022-02-12 14:53:11.241,85
Post Latency Analysis,Phase 1,1,lab4.SkierClient@5ba23b66,0,2022-02-12 14:53:11.156,2022-02-12 14:53:11.242,86
Post Latency Analysis,Phase 1,1,lab4.SkierClient@2ff4f00f,0,2022-02-12 14:53:11.155,2022-02-12 14:53:11.24,85
Post Latency Analysis,Phase 1,1,lab4.SkierClient@c818063,0,2022-02-12 14:53:11.156,2022-02-12 14:53:11.24,84
Post Latency Analysis,Phase 1,1,lab4.SkierClient@3f0ee7cb,0,2022-02-12 14:53:11.155,2022-02-12 14:53:11.24,85
Post Latency Analysis,Phase 1,1,lab4.SkierClient@75bd9247,0,2022-02-12 14:53:11.155,2022-02-12 14:53:11.24,85
Post Latency Analysis,Phase 1,1,lab4.SkierClient@7d417077,0,2022-02-12 14:53:11.155,2022-02-12 14:53:11.24,85
Post Latency Analysis,Phase 1,1,lab4.SkierClient@7dc36524,0,2022-02-12 14:53:11.156,2022-02-12 14:53:11.241,85
Post Latency Analysis,Phase 1,1,lab4.SkierClient@35bbe5e8,0,2022-02-12 14:53:11.156,2022-02-12 14:53:11.241,85
Post Latency Analysis,Phase 1,1,lab4.SkierClient@2c8d66b2,0,2022-02-12 14:53:11.156,2022-02-12 14:53:11.241,85
Post Latency Analysis,Phase 1,1,lab4.SkierClient@5a39699c,0,2022-02-12 14:53:11.155,2022-02-12 14:53:11.241,86
Post Latency Analysis,Phase 1,1,lab4.SkierClient@3cb5cdba,0,2022-02-12 14:53:11.155,2022-02-12 14:53:11.242,87
